[{"sidebar-1":["text-3","categories-3","recent-posts-2","text-4","text-5"],"menu_right":["social-3","woocommerce_widget_cart-2"],"offcanvas_sidebar":["meta-3"],"main-bottom":["text-2"],"footer":["single-images-2","icon-box-2","social-2"]},{"text":{"3":{"title":"About blog","text":"<img  src=\"http:\/\/demo.thimpress.com\/resca\/wp-content\/uploads\/2015\/07\/06_blog_03.jpg\">\r\n<p style=\"padding-top: 10px\">\r\nTypi non habent claritatem insitam; est usus legentis in iis qui facit eorum claritatem. Investigationes demonstraverunt.<\/p>","filter":false,"widget-class":""},"4":{"title":"instagram","text":"[instagram-feed num=9 cols=3 showfollow=false  showheader=false]","filter":false,"widget-class":""},"5":{"title":"Pinterest","text":"<a data-pin-do=\"embedBoard\" href=\"http:\/\/www.pinterest.com\/pinterest\/official-news\/\" data-pin-scale-width=\"78\" data-pin-scale-height=\"300\" data-pin-board-width=\"240\"><\/a>\r\n<!-- Please call pinit.js only once per page -->\r\n<script type=\"text\/javascript\" async defer src=\"\/\/assets.pinterest.com\/js\/pinit.js\"><\/script>","filter":false,"widget-class":"box-pinterest"},"2":{"title":"Get our newsletter","text":"[mc4wp_form]","filter":false,"widget-class":"newletter"},"_multiwidget":1},"categories":{"3":{"title":"Categories","count":1,"hierarchical":0,"dropdown":0,"widget-class":""},"_multiwidget":1},"recent-posts":{"2":{"title":"Recent Posts","number":5,"show_date":true,"widget-class":""},"_multiwidget":1},"social":{"3":{"title":"","link_face":"#","link_twitter":"#","link_google":"","link_dribble":"","link_linkedin":"","link_pinterest":"","link_digg":"","link_youtube":"","link_target":"_self","widget-class":""},"2":{"title":"","link_face":"#","link_twitter":"#","link_google":"#","link_dribble":"#","link_linkedin":"#","link_pinterest":"","link_digg":"","link_youtube":"","link_target":"_self","widget-class":"text-center"},"_multiwidget":1},"woocommerce_widget_cart":{"2":{"title":"Cart","hide_if_empty":0,"widget-class":""},"_multiwidget":1},"meta":{"3":{"title":"","widget-class":""},"_multiwidget":1},"single-images":{"2":{"image":1597,"image_size":"full","image_link":"#","link_target":"_self","image_alignment":"center","css_animation":false,"widget-class":"text-center"},"_multiwidget":1},"icon-box":{"2":{"title_group":{"title":"","color_title":false,"size":"h3","font_heading":"default","custom_heading":{"custom_font_size":14,"custom_font_weight":"normal","custom_mg_bt":0},"line_after_title":false},"desc_group":{"content":"329 Queensberry Street, North Melbourne VIC 3051, Australia.<br \/>\r\n<br \/>\r\n<b>Call. 01794 340 979<\/b><br \/>\r\n<b>Email. hello@yourmail.com<\/b>","custom_font_size_des":0,"custom_font_weight":false,"color_description":false},"read_more_group":{"link":"","read_more":"complete_box","button_read_more_group":{"read_text":"Read More","read_more_text_color":"#fff","border_read_more_text":false,"bg_read_more_text":false,"read_more_text_color_hover":"#fff","bg_read_more_text_hover":false}},"icon_type":"font-awesome","font_7_stroke_group":{"icon":"map-marker","icon_size":25},"font_awesome_group":{"icon":"map-marker","icon_size":24},"font_image_group":{"icon_img":0},"width_icon_box":60,"color_group":{"icon_color":"#ffb606","icon_border_color":false,"icon_bg_color":false,"icon_hover_color":false,"icon_border_color_hover":false,"icon_bg_color_hover":false},"layout_group":{"box_icon_style":false,"pos":"top","text_align_sc":"text-center"},"css_animation":false,"widget-class":""},"_multiwidget":1}}]